{"cameraMode":{"drawMode":0,"name":"Shaded","section":"Shading Mode"},"sceneLighting":true,"audioPlay":false,"sceneViewState":{"showFog":true,"showMaterialUpdate":false,"showSkybox":true,"showFlares":true,"showImageEffects":true,"showParticleSystems":true},"in2DMode":false,"pivot":{"x":-1.6016803979873658,"y":-1.0674728155136109,"z":-1.7171978950500489},"rotation":{"x":-0.09978577494621277,"y":0.8888523578643799,"z":-0.23199541866779328,"w":-0.3823128342628479},"size":112.95411682128906,"orthographic":false}